CREATE TABLE Specialties (
    SpecialtyID INT PRIMARY KEY AUTO_INCREMENT,
    SpecialtyName VARCHAR(255) NOT NULL
);


CREATE TABLE Doctors (
    DoctorID INT PRIMARY KEY AUTO_INCREMENT,
    DoctorName VARCHAR(255) NOT NULL,
    SpecialtyID INT,
    FOREIGN KEY (SpecialtyID) REFERENCES Specialties(SpecialtyID)
);


CREATE TABLE DoctorAvailability (
    AvailabilityID INT PRIMARY KEY AUTO_INCREMENT,
    DoctorID INT,
    AvailableDateTime DATETIME,
    FOREIGN KEY (DoctorID) REFERENCES Doctors(DoctorID)
);


CREATE TABLE Appointments (
    AppointmentID INT PRIMARY KEY AUTO_INCREMENT,
    PatientName VARCHAR(255) NOT NULL,
    PatientEmail VARCHAR(255) NOT NULL,
    PatientPhone VARCHAR(255) NOT NULL,
    AppointmentDateTime DATETIME NOT NULL,
    DoctorID INT,
    FOREIGN KEY (DoctorID) REFERENCES Doctors(DoctorID)
);


INSERT INTO Specialties (SpecialtyID, SpecialtyName)
VALUES
    (1, 'Family Physician'),
    (2, 'Pediatrician'),
    (3, 'Dermatologist'),
    (4, 'Gynecologist');


INSERT INTO Doctors (DoctorID, DoctorName, SpecialtyID)
VALUES
    (1, 'Shara McAvaddy', 1),
    (2, 'Roseanne Gagg', 1),
    (3, 'Karoly Frenchum', 1),
    (4, 'Engracia Landeg', 1),
    (5, 'Catherina Brugsma', 1),
    (6, 'Halsy Dewhirst', 2),
    (7, 'Vlad Weetch', 2),
    (8, 'Rudolph Paviour', 2),
    (9, 'Marcie Shann', 2),
    (10, 'Ronica Cottis', 2),
    (11, 'Margeaux Dust', 3),
    (12, 'Abraham Horlick', 3),
    (13, 'Ivett Larter', 3),
    (14, 'Annissa Hicken', 3),
    (15, 'Bree Wiz', 3),
    (16, 'Milicent Gully', 4),
    (17, 'Jessy Vail', 4),
    (18, 'Whitaker Waldram', 4),
    (19, 'Kassey Brazer', 4),
    (20, 'Rafaellle Brent', 4);


INSERT INTO DoctorAvailability (AvailabilityID, DoctorID, AvailableDateTime)
VALUES
    (1, 1, '2024-01-08 08:00:00'),
    (2, 1, '2024-01-08 09:00:00'),
    (3, 1, '2024-01-08 10:00:00'),
    (4, 1, '2024-01-08 11:00:00'),
    (5, 1, '2024-01-10 13:00:00'),
    (6, 1, '2024-01-10 14:00:00'),
    (7, 1, '2024-01-10 15:00:00'),
    (8, 1, '2024-01-10 16:00:00'),
    (9, 1, '2024-01-11 08:00:00'),
    (10, 1, '2024-01-11 09:00:00'),
    (11, 1, '2024-01-11 10:00:00'),
    (12, 1, '2024-01-11 11:00:00'),
    (13, 1, '2024-01-12 08:00:00'),
    (14, 1, '2024-01-12 09:00:00'),
    (15, 1, '2024-01-12 10:00:00'),
    (16, 1, '2024-01-12 11:00:00'),
    (17, 2, '2024-01-08 13:00:00'),
    (18, 2, '2024-01-08 14:00:00'),
    (19, 2, '2024-01-08 15:00:00'),
    (20, 2, '2024-01-08 16:00:00'),
    (21, 2, '2024-01-09 08:00:00'),
    (22, 2, '2024-01-09 09:00:00'),
    (23, 2, '2024-01-09 10:00:00'),
    (24, 2, '2024-01-09 11:00:00'),
    (25, 2, '2024-01-10 13:00:00'),
    (26, 2, '2024-01-10 14:00:00'),
    (27, 2, '2024-01-10 15:00:00'),
    (28, 2, '2024-01-10 16:00:00'),
    (29, 2, '2024-01-11 13:00:00'),
    (30, 2, '2024-01-11 14:00:00'),
    (31, 2, '2024-01-11 15:00:00'),
    (32, 2, '2024-01-11 16:00:00'),
    (33, 3, '2024-01-08 08:00:00'),
    (34, 3, '2024-01-08 09:00:00'),
    (35, 3, '2024-01-08 10:00:00'),
    (36, 3, '2024-01-08 11:00:00'),
    (37, 3, '2024-01-09 13:00:00'),
    (38, 3, '2024-01-09 14:00:00'),
    (39, 3, '2024-01-09 15:00:00'),
    (40, 3, '2024-01-09 16:00:00'),
    (41, 3, '2024-01-10 08:00:00'),
    (42, 3, '2024-01-10 09:00:00'),
    (43, 3, '2024-01-10 10:00:00'),
    (44, 3, '2024-01-10 11:00:00'),
    (45, 3, '2024-01-11 08:00:00'),
    (46, 3, '2024-01-11 09:00:00'),
    (47, 3, '2024-01-11 10:00:00'),
    (48, 3, '2024-01-11 11:00:00'),
    (49, 4, '2024-01-08 13:00:00'),
    (50, 4, '2024-01-08 14:00:00'),
    (51, 4, '2024-01-08 15:00:00'),
    (52, 1, '2024-01-08 16:00:00'),
    (53, 4, '2024-01-10 13:00:00'),
    (54, 4, '2024-01-10 13:00:00'),
    (55, 4, '2024-01-10 15:00:00'),
    (56, 4, '2024-01-10 16:00:00'),
    (57, 4, '2024-01-11 08:00:00'),
    (58, 4, '2024-01-11 09:00:00'),
    (59, 4, '2024-01-11 10:00:00'),
    (60, 4, '2024-01-11 11:00:00'),
    (61, 4, '2024-01-12 13:00:00'),
    (62, 4, '2024-01-12 14:00:00'),
    (63, 4, '2024-01-12 15:00:00'),
    (64, 4, '2024-01-12 16:00:00'),
    (65, 5, '2024-01-08 10:00:00'),
    (66, 5, '2024-01-08 11:30:00'),
    (67, 5, '2024-01-08 12:00:00'),
    (68, 5, '2024-01-08 13:00:00'),
    (69, 5, '2024-01-09 14:00:00'),
    (70, 5, '2024-01-09 15:00:00'),
    (71, 5, '2024-01-09 16:00:00'),
    (72, 5, '2024-01-09 17:00:00'),
    (73, 5, '2024-01-10 09:00:00'),
    (74, 5, '2024-01-10 10:00:00'),
    (75, 5, '2024-01-10 11:00:00'),
    (76, 5, '2024-01-10 12:00:00'),
    (77, 5, '2024-01-11 13:00:00'),
    (78, 5, '2024-01-11 14:00:00'),
    (79, 5, '2024-01-11 15:00:00'),
    (80, 5, '2024-01-11 16:00:00'),
    (81, 6, '2024-01-08 10:00:00'),
    (82, 6, '2024-01-08 11:00:00'),
    (83, 6, '2024-01-08 12:00:00'),
    (84, 6, '2024-01-08 13:00:00'),
    (85, 6, '2024-01-09 10:00:00'),
    (86, 6, '2024-01-09 11:00:00'),
    (87, 6, '2024-01-09 12:00:00'),
    (88, 6, '2024-01-09 13:00:00'),
    (89, 6, '2024-01-10 10:00:00'),
    (90, 6, '2024-01-10 11:00:00'),
    (91, 6, '2024-01-10 12:00:00'),
    (92, 6, '2024-01-10 13:00:00'),
    (93, 6, '2024-01-12 10:00:00'),
    (94, 6, '2024-01-12 11:00:00'),
    (95, 6, '2024-01-12 12:00:00'),
    (96, 6, '2024-01-12 13:00:00'),
    (97, 7, '2024-01-08 09:00:00'),
    (98, 7, '2024-01-08 10:00:00'),
    (99, 7, '2024-01-08 11:00:00'),
    (100, 7, '2024-01-08 12:00:00'),
    (101, 7, '2024-01-09 09:00:00'),
    (102, 7, '2024-01-09 10:00:00'),
    (103, 7, '2024-01-09 11:00:00'),
    (104, 7, '2024-01-09 12:00:00'),
    (105, 7, '2024-01-11 09:00:00'),
    (106, 7, '2024-01-11 10:00:00'),
    (107, 7, '2024-01-11 11:00:00'),
    (108, 7, '2024-01-11 12:00:00'),
    (109, 7, '2024-01-12 09:00:00'),
    (110, 7, '2024-01-12 10:00:00'),
    (111, 7, '2024-01-12 11:00:00'),
    (112, 7, '2024-01-12 12:00:00'),
    (113, 8, '2024-01-08 08:00:00'),
    (114, 8, '2024-01-08 09:00:00'),
    (115, 8, '2024-01-08 10:00:00'),
    (116, 8, '2024-01-08 11:00:00'),
    (117, 8, '2024-01-10 08:00:00'),
    (118, 8, '2024-01-10 09:00:00'),
    (119, 8, '2024-01-10 10:00:00'),
    (120, 8, '2024-01-10 11:00:00'),
    (121, 8, '2024-01-11 13:00:00'),
    (122, 8, '2024-01-11 14:00:00'),
    (123, 8, '2024-01-11 15:00:00'),
    (124, 8, '2024-01-11 16:00:00'),
    (125, 8, '2024-01-12 09:00:00'),
    (126, 8, '2024-01-12 10:00:00'),
    (127, 8, '2024-01-12 11:00:00'),
    (128, 8, '2024-01-12 12:00:00'),
    (129, 9, '2024-01-09 09:00:00'),
    (130, 9, '2024-01-09 10:00:00'),
    (131, 9, '2024-01-09 11:00:00'),
    (132, 9, '2024-01-09 12:00:00'),
    (133, 9, '2024-01-10 09:00:00'),
    (134, 9, '2024-01-10 10:00:00'),
    (135, 9, '2024-01-10 11:00:00'),
    (136, 9, '2024-01-10 12:00:00'),
    (137, 9, '2024-01-11 13:00:00'),
    (138, 9, '2024-01-11 14:00:00'),
    (139, 9, '2024-01-11 15:00:00'),
    (140, 9, '2024-01-11 16:00:00'),
    (141, 9, '2024-01-12 09:00:00'),
    (142, 9, '2024-01-12 10:00:00'),
    (143, 9, '2024-01-12 11:00:00'),
    (144, 9, '2024-01-12 12:00:00'),
    (145, 10, '2024-01-08 09:00:00'),
    (146, 10, '2024-01-08 10:00:00'),
    (147, 10, '2024-01-08 11:00:00'),
    (148, 10, '2024-01-09 13:00:00'),
    (149, 10, '2024-01-09 14:00:00'),
    (150, 10, '2024-01-09 15:00:00'),
    (151, 10, '2024-01-09 16:00:00'),
    (152, 10, '2024-01-10 09:00:00'),
    (153, 10, '2024-01-10 10:00:00'),
    (154, 10, '2024-01-10 11:00:00'),
    (155, 10, '2024-01-11 09:00:00'),
    (156, 10, '2024-01-11 10:00:00'),
    (157, 10, '2024-01-11 11:00:00'),
    (158, 10, '2024-01-12 09:00:00'),
    (159, 10, '2024-01-12 10:00:00'),
    (160, 10, '2024-01-12 11:00:00'),
    (161, 11, '2024-01-08 09:00:00'),
    (162, 11, '2024-01-08 10:00:00'),
    (163, 11, '2024-01-08 11:00:00'),
    (164, 11, '2024-01-09 13:00:00'),
    (165, 11, '2024-01-09 14:00:00'),
    (166, 11, '2024-01-09 15:00:00'),
    (167, 11, '2024-01-10 09:00:00'),
    (168, 11, '2024-01-10 10:00:00'),
    (169, 11, '2024-01-10 11:00:00'),
    (170, 11, '2024-01-11 12:00:00'),
    (171, 11, '2024-01-11 13:00:00'),
    (172, 11, '2024-01-11 14:00:00'),
    (173, 11, '2024-01-12 09:00:00'),
    (174, 11, '2024-01-12 10:00:00'),
    (175, 11, '2024-01-12 11:00:00'),
    (176, 11, '2024-01-12 12:00:00'),
    (177, 12, '2024-01-08 13:00:00'),
    (178, 12, '2024-01-08 14:00:00'),
    (179, 12, '2024-01-08 15:00:00'),
    (180, 12, '2024-01-09 13:00:00'),
    (181, 12, '2024-01-09 14:00:00'),
    (182, 12, '2024-01-09 15:00:00'),
    (183, 12, '2024-01-10 13:00:00'),
    (184, 12, '2024-01-10 14:00:00'),
    (185, 12, '2024-01-10 15:00:00'),
    (186, 12, '2024-01-11 13:00:00'),
    (187, 12, '2024-01-11 14:00:00'),
    (188, 12, '2024-01-11 15:00:00'),
    (189, 12, '2024-01-12 13:00:00'),
    (190, 12, '2024-01-12 14:00:00'),
    (191, 12, '2024-01-12 15:00:00'),
    (192, 12, '2024-01-13 10:00:00'),
    (193, 13, '2024-01-08 13:00:00'),
    (194, 13, '2024-01-08 14:00:00'),
    (195, 13, '2024-01-08 15:00:00'),
    (196, 13, '2024-01-08 16:00:00'),
    (197, 13, '2024-01-09 09:00:00'),
    (198, 13, '2024-01-09 10:00:00'),
    (199, 13, '2024-01-09 11:00:00'),
    (200, 13, '2024-01-09 12:00:00'),
    (201, 13, '2024-01-10 09:00:00'),
    (202, 13, '2024-01-10 10:00:00'),
    (203, 13, '2024-01-10 11:00:00'),
    (204, 13, '2024-01-10 12:00:00'),
    (205, 13, '2024-01-13 09:00:00'),
    (206, 13, '2024-01-13 10:00:00'),
    (207, 13, '2024-01-13 11:00:00'),
    (208, 13, '2024-01-13 12:00:00'),
    (209, 14, '2024-01-09 13:00:00'),
    (210, 14, '2024-01-09 14:00:00'),
    (211, 14, '2024-01-09 15:00:00'),
    (212, 14, '2024-01-09 16:00:00'),
    (213, 14, '2024-01-10 13:00:00'),
    (214, 14, '2024-01-10 14:00:00'),
    (215, 14, '2024-01-10 15:00:00'),
    (216, 14, '2024-01-10 16:00:00'),
    (217, 14, '2024-01-13 09:00:00'),
    (218, 14, '2024-01-13 10:00:00'),
    (219, 14, '2024-01-13 11:00:00'),
    (220, 14, '2024-01-13 12:00:00'),
    (221, 14, '2024-01-13 13:00:00'),
    (222, 14, '2024-01-13 14:00:00'),
    (223, 14, '2024-01-13 15:00:00'),
    (224, 14, '2024-01-13 16:00:00'),
    (225, 15, '2024-01-10 09:00:00'),
    (226, 15, '2024-01-10 10:00:00'),
    (227, 15, '2024-01-10 11:00:00'),
    (228, 15, '2024-01-10 12:00:00'),
    (229, 15, '2024-01-11 09:00:00'),
    (230, 15, '2024-01-11 10:00:00'),
    (231, 15, '2024-01-11 11:00:00'),
    (232, 15, '2024-01-11 12:00:00'),
    (233, 15, '2024-01-12 09:00:00'),
    (234, 15, '2024-01-12 10:00:00'),
    (235, 15, '2024-01-12 11:00:00'),
    (236, 15, '2024-01-12 12:00:00'),
    (237, 15, '2024-01-13 09:00:00'),
    (238, 15, '2024-01-13 10:00:00'),
    (239, 15, '2024-01-13 11:00:00'),
    (240, 15, '2024-01-13 12:00:00'),
    (241, 16, '2024-01-10 13:00:00'),
    (242, 16, '2024-01-10 14:00:00'),
    (243, 16, '2024-01-10 15:00:00'),
    (244, 16, '2024-01-11 13:00:00'),
    (245, 16, '2024-01-11 14:00:00'),
    (246, 16, '2024-01-11 15:00:00'),
    (247, 16, '2024-01-12 09:00:00'),
    (248, 16, '2024-01-12 10:00:00'),
    (249, 16, '2024-01-12 11:00:00'),
    (250, 16, '2024-01-12 12:00:00'),
    (251, 16, '2024-01-12 13:00:00'),
    (252, 16, '2024-01-12 14:00:00'),
    (253, 16, '2024-01-12 15:00:00'),
    (254, 16, '2024-01-12 16:00:00'),
    (255, 16, '2024-01-12 17:00:00'),
    (256, 16, '2024-01-12 18:00:00'),
    (257, 17, '2024-01-08 08:00:00'),
    (258, 17, '2024-01-08 09:00:00'),
    (259, 17, '2024-01-08 10:00:00'),
    (260, 17, '2024-01-08 11:00:00'),
    (261, 17, '2024-01-08 12:00:00'),
    (262, 17, '2024-01-08 13:00:00'),
    (263, 17, '2024-01-09 08:00:00'),
    (264, 17, '2024-01-09 09:00:00'),
    (265, 17, '2024-01-09 10:00:00'),
    (266, 17, '2024-01-09 11:00:00'),
    (267, 17, '2024-01-09 12:00:00'),
    (268, 17, '2024-01-09 13:00:00'),
    (269, 17, '2024-01-11 08:00:00'),
    (270, 17, '2024-01-11 09:00:00'),
    (271, 17, '2024-01-11 10:00:00'),
    (272, 17, '2024-01-11 11:00:00'),
    (273, 18, '2024-01-08 09:00:00'),
    (274, 18, '2024-01-08 10:00:00'),
    (275, 18, '2024-01-08 11:00:00'),
    (276, 18, '2024-01-08 12:00:00'),
    (277, 18, '2024-01-09 09:00:00'),
    (278, 18, '2024-01-09 10:00:00'),
    (279, 18, '2024-01-09 11:00:00'),
    (280, 18, '2024-01-09 12:00:00'),
    (281, 18, '2024-01-10 09:00:00'),
    (282, 18, '2024-01-10 10:00:00'),
    (283, 18, '2024-01-10 11:00:00'),
    (284, 18, '2024-01-10 12:00:00'),
    (285, 18, '2024-01-11 09:00:00'),
    (286, 18, '2024-01-11 10:00:00'),
    (287, 18, '2024-01-11 11:00:00'),
    (288, 18, '2024-01-11 12:00:00'),
    (289, 19, '2024-01-09 10:00:00'),
    (290, 19, '2024-01-09 11:00:00'),
    (291, 19, '2024-01-09 12:00:00'),
    (292, 19, '2024-01-09 13:00:00'),
    (293, 19, '2024-01-11 10:00:00'),
    (294, 19, '2024-01-11 11:00:00'),
    (295, 19, '2024-01-11 12:00:00'),
    (296, 19, '2024-01-11 13:00:00'),
    (297, 19, '2024-01-12 10:00:00'),
    (298, 19, '2024-01-12 11:00:00'),
    (299, 19, '2024-01-12 12:00:00'),
    (300, 19, '2024-01-12 13:00:00'),
    (301, 19, '2024-01-12 14:00:00'),
    (302, 19, '2024-01-12 15:00:00'),
    (303, 19, '2024-01-12 16:00:00'),
    (304, 19, '2024-01-12 17:00:00'),
    (305, 20, '2024-01-08 09:00:00'),
    (306, 20, '2024-01-08 10:00:00'),
    (307, 20, '2024-01-08 11:00:00'),
    (308, 20, '2024-01-08 12:00:00'),
    (309, 20, '2024-01-09 09:00:00'),
    (310, 20, '2024-01-09 10:00:00'),
    (311, 20, '2024-01-09 11:00:00'),
    (312, 20, '2024-01-09 12:00:00'),
    (313, 20, '2024-01-10 09:00:00'),
    (314, 20, '2024-01-10 10:00:00'),
    (315, 20, '2024-01-10 11:00:00'),
    (316, 20, '2024-01-10 12:00:00'),
    (317, 20, '2024-01-11 13:00:00'),
    (318, 20, '2024-01-11 14:00:00'),
    (319, 20, '2024-01-11 15:00:00'),
    (320, 20, '2024-01-11 16:00:00');